node_1|node_2|edge|chunk_id
academic projects|medical imaging cell segmentation|Medical Imaging Cell Segmentation is a specific academic project dedicated to medical imaging, focusing on cell segmentation in tissue images. It utilizes the U-Net architecture, featuring an encoder and decoder, with precise preprocessing for RGB and black-and-white images, implementing a MobileNetV2 encoder and pix2pix-inspired decoder.|49cd364720634a24812b357f5f8cde22
medical imaging cell segmentation|academic projects|Medical Imaging Cell Segmentation is a specific academic project that falls under the umbrella of ACADEMIC PROJECTS.|49cd364720634a24812b357f5f8cde22
developed|academic projects|The verb 'developed' is related to the broader category of academic projects, ACADEMIC PROJECTS.|49cd364720634a24812b357f5f8cde22
custom data validation solution|academic projects|The specific project of designing and implementing a custom data validation solution falls under the broader category of academic projects, ACADEMIC PROJECTS.|49cd364720634a24812b357f5f8cde22
robust|custom data validation solution|The term 'robust' is directly related to the specific project of designing and implementing a custom data validation solution.|49cd364720634a24812b357f5f8cde22
dataset consisting of 50,000 records|custom data validation solution|The term 'dataset' refers to a specific input for the project of designing and implementing a custom data validation solution, which consists of 50,000 records.|49cd364720634a24812b357f5f8cde22
exceptional validation accuracy rate of 98 percent|custom data validation solution|The term 'exceptional validation accuracy rate' refers to a specific output or achievement of the project of designing and implementing a custom data validation solution, with a rate of 98 percent.|49cd364720634a24812b357f5f8cde22
academic projects|solar panel dust detection|Solar Panel Dust Detection is a specific academic project dedicated to automating dust detection on solar panels, utilizing deep learning techniques and the VGG16 CNN model.|49cd364720634a24812b357f5f8cde22
solar panel dust detection|academic projects|Solar Panel Dust Detection is a specific academic project that falls under the umbrella of ACADEMIC PROJECTS.|49cd364720634a24812b357f5f8cde22
clean and dusty solar panel images|solar panel dust detection|The specific input for the project of Solar Panel Dust Detection includes clean and dusty solar panel images.|49cd364720634a24812b357f5f8cde22
eleutherai/pythia-70m model|fine-tuning pythia-70m on laminidocs dataset|The EleutherAI/pythia-70m model is a specific language model that is being fine-tuned for document-related tasks using the LaminiDocs dataset.|49cd364720634a24812b357f5f8cde22
fine-tuning|eleutherai/pythia-70m model|The term 'fine-tuning' is directly related to the EleutherAI/pythia-70m model.|49cd364720634a24812b357f5f8cde22
laminidocs dataset|fine-tuning pythia-70m on laminidocs dataset|The specific input for fine-tuning the EleutherAI/pythia-70m model is the LaminiDocs dataset.|49cd364720634a24812b357f5f8cde22
results.|||49cd364720634a24812b357f5f8cde22
document understanding|advanced training techniques|The implementation of advanced training techniques has resulted in enhanced performance for document understanding.|81e83ba7130c4cdf87a98be6e91ca60e
document classification|improved results|Through the utilization of advanced training techniques, improved results have been achieved in document classification tasks.|81e83ba7130c4cdf87a98be6e91ca60e
document generation|improved results|The implementation of advanced training techniques has led to improved results in document generation tasks.|81e83ba7130c4cdf87a98be6e91ca60e
data science|machine learning,deep learning,nlp|Data science encompasses machine learning, deep learning, and NLP techniques.|81e83ba7130c4cdf87a98be6e91ca60e
tensorflow|machine learning,deep learning|TensorFlow is a popular open-source software library for machine learning and deep learning applications.|81e83ba7130c4cdf87a98be6e91ca60e
langchain|nlp|LangChain is an open-source NLP library that provides tools for natural language processing tasks such as document generation, summarization, and question answering.|81e83ba7130c4cdf87a98be6e91ca60e
cloud platform|azure fundamentals |Cloud Platform and Azure Fundamentals are two popular cloud computing platforms that provide various services for data storage, management, and processing. They both offer tools for virtual machines, networking, and security.|c9bbdfe8c8384297bac1d8bbc42c830a
cloud platform|google colab |Cloud Platform is a public cloud computing platform by Google, whereas Colab is an open-source Jupyter notebook environment that runs on the Google Cloud Platform. Users can leverage both for data science and machine learning tasks.|c9bbdfe8c8384297bac1d8bbc42c830a
visualization|power bi |Both Power BI by Microsoft and Tableau provide visualization tools to analyze and present large datasets. Power BI integrates with Azure, whereas Tableau offers a wide range of data connectors.|c9bbdfe8c8384297bac1d8bbc42c830a
visualization|graffana |While Power BI and Tableau offer traditional business intelligence features, Grafana is a popular open-source tool for data visualization and monitoring, especially for time-series data.|c9bbdfe8c8384297bac1d8bbc42c830a
linux|other linux |Both terms refer to operating systems based on the Linux kernel, but 'Other Linux' refers to distributions other than the popular ones like Ubuntu, Debian, and Fedora.|c9bbdfe8c8384297bac1d8bbc42c830a
python|app script |Python is a widely used scripting language for data manipulation, machine learning, and web development. Apps Script is a Google-specific scripting environment that allows users to automate tasks using Google Workspace apps like Sheets, Slides, and Docs.|c9bbdfe8c8384297bac1d8bbc42c830a
python|selenium/scrapy |Python provides multiple libraries for web scraping and automation tasks. Selenium is a popular library for automating web browsers, whereas Scrapy is a framework used to extract structured data from websites.|c9bbdfe8c8384297bac1d8bbc42c830a
llms|finetuning llms |Large Language Models (LLMs) like GPT-3 and BERT are pre-trained models used for various NLP tasks. Finetuning involves training these models on a specific dataset to improve their performance on that particular task.|c9bbdfe8c8384297bac1d8bbc42c830a
microsoft azure|databases and sql for data science with python |Microsoft Azure offers various cloud-based database services like Cosmos DB, SQL Database, and Managed Instance. These databases can be accessed using Python libraries like pandas, sqlalchemy, and pyodbc.|c9bbdfe8c8384297bac1d8bbc42c830a
python|data analysis using python |Python is a popular language for data analysis due to its wide range of libraries like NumPy, Pandas, Scipy, Matplotlib, and Seaborn.|c9bbdfe8c8384297bac1d8bbc42c830a
